sampleID	distance	month_collected	year_collected	latrine	elevation	inside	type	type_ins
Dec-24-1	1	wet	2024	L70	5336	inside	latrine	ins_latrine
Dec-24-2	2	wet	2024	L70	5336	inside	latrine	ins_latrine
Dec-24-3	3	wet	2024	L70	5336	outside	latrine	out_latrine
Dec-24-4	4	wet	2024	L70	5336	outside	latrine	out_latrine
Dec-24-5	5	wet	2024	L70	5336	outside	latrine	out_latrine
Dec-24-6	6	wet	2024	L70	5336	outside	latrine	out_latrine
Dec-24-7	1	wet	2024	L71	5344	inside	latrine	ins_latrine
Dec-24-8	2	wet	2024	L71	5344	inside	latrine	ins_latrine
Dec-24-9	3	wet	2024	L71	5344	outside	latrine	out_latrine
Dec-24-10	4	wet	2024	L71	5344	outside	latrine	out_latrine
Dec-24-11	5	wet	2024	L71	5344	outside	latrine	out_latrine
Dec-24-12	6	wet	2024	L71	5344	outside	latrine	out_latrine
Dec-24-13	1	wet	2024	L56	5280	inside	latrine	ins_latrine
Dec-24-14	2	wet	2024	L56	5280	inside	latrine	ins_latrine
Dec-24-15	3	wet	2024	L56	5280	outside	latrine	out_latrine
Dec-24-16	4	wet	2024	L56	5280	outside	latrine	out_latrine
Dec-24-17	5	wet	2024	L56	5280	outside	latrine	out_latrine
Dec-24-18	6	wet	2024	L56	5280	outside	latrine	out_latrine
Dec-24-19	1	wet	2024	L65	5371	inside	latrine	ins_latrine
Dec-24-20	2	wet	2024	L65	5371	inside	latrine	ins_latrine
Dec-24-21	3	wet	2024	L65	5371	outside	latrine	out_latrine
Dec-24-22	4	wet	2024	L65	5371	outside	latrine	out_latrine
Dec-24-23	5	wet	2024	L65	5371	outside	latrine	out_latrine
Dec-24-24	6	wet	2024	L65	5371	outside	latrine	out_latrine
Dec-24-25	1	wet	2024	L57A	5275	inside	latrine	ins_latrine
Dec-24-26	2	wet	2024	L57A	5275	inside	latrine	ins_latrine
Dec-24-27	3	wet	2024	L57A	5275	outside	latrine	out_latrine
Dec-24-28	4	wet	2024	L57A	5275	outside	latrine	out_latrine
Dec-24-29	5	wet	2024	L57A	5275	outside	latrine	out_latrine
Dec-24-30	6	wet	2024	L57A	5275	outside	latrine	out_latrine
Dec-24-31	1	wet	2024	L81	5358	inside	latrine	ins_latrine
Dec-24-32	2	wet	2024	L81	5358	inside	latrine	ins_latrine
Dec-24-33	3	wet	2024	L81	5358	outside	latrine	out_latrine
Dec-24-34	4	wet	2024	L81	5358	outside	latrine	out_latrine
Dec-24-35	5	wet	2024	L81	5358	outside	latrine	out_latrine
Dec-24-36	6	wet	2024	L81	5358	outside	latrine	out_latrine
Dec-24-37	1	wet	2024	VP1	5293	inside	veg_patch	ins_veg_patch
Dec-24-38	1	wet	2024	VP2	5245	inside	veg_patch	ins_veg_patch
Dec-24-39	1	wet	2024	VP3	5202	inside	veg_patch	ins_veg_patch
Dec-24-40	1	wet	2024	VP4	5223	inside	veg_patch	ins_veg_patch
Dec-24-41	1	wet	2024	VP5	5185	inside	veg_patch	ins_veg_patch
Dec-24-42	1	wet	2024	VP6	5226	inside	veg_patch	ins_veg_patch
Dec-24-43	1	wet	2024	VP7		inside	veg_patch	ins_veg_patch
Dec-24-44	6	wet	2024	L57A	5275	outside	latrine	out_latrine
Dec-24-45	1	wet	2024	L81	5358	inside	latrine	ins_latrine
Dec-24-46	2	wet	2024	L81	5358	inside	latrine	ins_latrine
Dec-24-neg								
Dec-24-pos								
								
								
								
								
								
								
								
								
								
								
								
								
								
								
								
								
								
								
								
								
								
								
								
								
								
								
								
								
								
								
								
								
								
								
								
								
								
								
								
								
								
								
								
								
								
								
								
								
								
								
								
								
								
								
								
								
								
								
								
								
								
								
								
								
								
								
								
								
								
								
								
								
								
								
								
								
								
								
								
								
								
								
								
								
								
								
								
								
								
								
								
								
								
								
								
								
								
								
								
								
								
								
								
								
								
								
								
								
								
								
								
								
								
								
								
								
								
								
								
								
								
								
								
								
								
								
								
								
								
								
								
								
								
								
								
								
								
								
								
								
								
								
								
								
								
								
								
								
								
								
								
								
								
								
								
								
								
								
								
								
								
								
								
								
								
								
								
								
								
								
								
								
								
								
								
								
								
								
								
								
								
								
								
								
								
								
								
								
								
								
								
								
								
								
								
								
								
								
								
								
								
								
								
								
								
								
								
								
								
								
								
								
								
								
								
								
								
								
								
								
								
								
								
								
								
								
								
								
								
								
								
								
								
								
								
								
								
								
								
								
								
								
								
								
								
								
								
								
								
								
								
								
								
								
								
								
								
								
								
								
								
								
								
								
								
								
								
								
								
								
								
								
								
								
								
								
								
								
								
								
								
								
								
								
								
								
								
								
								
								
								
								
								
								
								
								
								
								
								
								
								
								
								
								
								
								
								
								
								
								
								
								
								
								
								
								
								
								
								
								
								
								
								
								
								
								
								
								
								
								
								
								
								
								
								
								
								
								
								
								
								
								
								
								
								
								
								
								
								
								
								
								
								
								
								
								
								
								
								
								
								
								
								
								
								
								
								
								
								
								
								
								
								
								
								
								
								
								
								
								
								
								
								
								
								
								
								
								
								
								
								
								
								
								
								
								
								
								
								
								
								
								
								
								
								
								
								
								
								
								
								
								
								
								
								
								
								
								
								
								
								
								
								
								
								
								
								
								
								
								
								
								
								
								
								
								
								
								
								
								
								
								
								
								
								
								
								
								
								
								
								
								
								
								
								
								
								
								
								
								
								
								
								
								
								
								
								
								
								
								
								
								
								
								
								
								
								
								
								
								
								
								
								
								
								
								
								
								
								
								
								
								
								
								
								
								
								
								
								
								
								
								
								
								
								
								
								
								
								
								
								
								
								
								
								
								
								
								
								
								
								
								
								
								
								
								
								
								
								
								
								
								
								
								
								
								
								
								
								
								
								
								
								
								
								
								
								
								
								
								
								
								
								
								
								
								
								
								
								
								
								
								
								
								
								
								
								
								
								
								
								
								
								
								
								
								
								
								
								
								
								
								
								
								
								
								
								
								
								
								
								
								
								
								
								
								
								
								
								
								
								
								
								
								
								
								
								
								
								
								
								
								
								
								
								
								
								
								
								
								
								
								
								
								
								
								
								
								
								
								
								
								
								
								
								
								
								
								
								
								
								
								
								
								
								
								
								
								
								
								
								
								
								
								
								
								
								
								
								
								
								
								
								
								
								
								
								
								
								
								
								
								
								
								
								
								
								
								
								
								
								
								
								
								
								
								
								
								
								
								
								
								
								
								
								
								
								
								
								
								
								
								
								
								
								
								
								
								
								
								
								
								
								
								
								
								
								
								
								
								
								
								
								
								
								
								
								
								
								
								
								
								
								
								
								
								
								
								
								
								
								
								
								
								
								
								
								
								
								
								
								
								
								
								
								
								
								
								
								
								
								
								
								
								
								
								
								
								
								
								
								
								
								
								
								
								
								
								
								
								
								
								
								
								
								
								
								
								
								
								
								
								
								
								
								
								
								
								
								
								
								
								
								
								
								
								
								
								
								
								
								
								
								
								
								
								
								
								
								
								
								
								
								
								
								
								
								
								
								
								
								
								
								
								
								
								
								
								
								
								
								
								
								
								
								
								
								
								
								
								
								
								
								
								
								
								
								
								
								
								
								
								
								
								
								
								
								
								
								
								
								
								
								
								
								
								
								
								
								
								
								
								
								
								
								
								
								
								
								
								
								
								
								
								
								
								
								
								
								
								
								
								
								
								
								
								
								
								
								
								
								
								
								
								
								
								
								
								
								
								
								
								
								
								
								
								
								
								
								
								
								
								
								
								
								
								
								
								
								
								
								
								
								
								
								
								
								
								
								
								
								
								
								
